content_id,title,genre,duration_minutes
1,Feeling,music,8
2,Where have,music,7
3,Law marriage,music,5
4,My,movie,97
5,Office person water,music,3
6,Hour around blue,podcast,70
7,Heart believe,podcast,54
8,Strong campaign hit,movie,144
9,Evening consider as,podcast,47
10,Article walk stuff fast,music,3
11,Mission billion,movie,99
12,Pressure power article suddenly,movie,153
13,Skin together former,podcast,81
14,Professional keep call,movie,130
15,Sit anyone,podcast,21
16,Environmental rock public audience,music,6
17,Production father tonight,movie,153
18,Resource among whom,podcast,71
19,Similar group population them,movie,160
20,Off film,music,6
21,Interesting onto chair,music,7
22,Tough with,movie,140
23,Call admit,music,7
24,Budget mother else,music,8
25,Such tax history,movie,93
26,Better,music,3
27,Suggest public,movie,142
28,Rate offer,music,6
29,Organization impact,music,3
30,Huge appear Mr,music,5
31,Relationship whole,movie,93
32,Where develop,music,8
33,Since woman,music,8
34,Different learn article,music,4
35,Agent,movie,137
36,Team suggest thousand,music,8
37,Technology week often,movie,91
38,Detail large,movie,149
39,Choice accept recognize,movie,134
40,Not indeed,music,6
41,Interesting address heavy,music,4
42,Fine Mrs must,podcast,38
43,Realize current,movie,125
44,Believe,music,3
45,Long very,movie,90
46,Loss fund,podcast,48
47,Development role little,movie,122
48,Experience protect,music,3
49,Reveal with,movie,91
50,Treatment sell,music,7
51,Main near into,music,5
52,Million offer degree,movie,103
53,Paper agent,movie,82
54,Sometimes point,podcast,60
55,Toward throw,podcast,41
56,Could culture,music,5
57,Art college your,movie,95
58,Father game kind,podcast,68
59,Material boy,music,6
60,Group half situation,movie,87
61,Force structure decision,movie,81
62,Consider feeling its,movie,90
63,Family PM way field,music,4
64,Small degree,movie,93
65,Reach politics,music,4
66,Respond trade end,music,7
67,Home most year,movie,107
68,Success middle,movie,111
69,Billion job,movie,85
70,Serious effort child,movie,130
71,Hotel heavy keep,podcast,20
72,No my well,movie,94
73,Republican,music,3
74,Loss baby blue,music,5
75,Large because,podcast,18
76,International challenge control,movie,89
77,Beautiful,movie,158
78,Former amount,movie,144
79,Strong continue pick,movie,108
80,Foot but,movie,113
81,Arrive play bar,podcast,50
82,Up pass,movie,130
83,Amount however,music,7
84,Between ago,music,4
85,Them property space price,movie,101
86,Else huge,music,8
87,Social personal,podcast,56
88,Man of water,movie,142
89,Professional least opportunity,movie,153
90,Kind player,movie,132
91,Station mission standard,movie,160
92,Allow official should,movie,132
93,Away back,podcast,57
94,But pick,movie,138
95,Why pretty,podcast,62
96,House many wish,movie,155
97,Finish bill,podcast,41
98,Can trial,podcast,71
99,Author box it quite,music,6
100,Save bill,movie,142
101,Under special yard,movie,82
102,Red official hear,movie,146
103,Myself just rule,movie,99
104,Position,movie,136
105,Artist,podcast,19
106,Late,movie,154
107,Education war,podcast,37
108,Agent late,movie,94
109,Capital,podcast,24
110,Few even fine,podcast,71
111,Analysis science my,movie,89
112,Former now executive,movie,139
113,Many me,podcast,28
114,Time know,podcast,30
115,Look develop out,movie,82
116,Election personal,podcast,47
117,Wide fly,movie,144
118,Someone peace,movie,147
119,Relationship senior total,music,6
120,Since produce,movie,109
121,Sit teach along,music,6
122,She college couple glass,podcast,16
123,Practice choice out key,music,4
124,Often establish plan,podcast,55
125,Finish pass remember,movie,126
126,Worry them art,movie,93
127,Through build,movie,130
128,Eight pressure agreement,music,3
129,Entire common,podcast,31
130,Yet ten value,music,3
131,High name,movie,146
132,Career state growth yard,podcast,24
133,Pattern purpose star,music,8
134,Option series child,movie,94
135,Indeed girl article,movie,135
136,Personal leader,movie,84
137,True your not usually,music,8
138,Study recently affect,movie,88
139,Today to,music,4
140,Begin national war,movie,93
141,I,movie,151
142,Tv model drop,movie,151
143,Nearly mind themselves,movie,135
144,Picture five,podcast,80
145,Thousand expert very,movie,82
146,Recent buy American,movie,125
147,Wrong decision,movie,154
148,In,music,5
149,System scientist first take,movie,127
150,Matter,movie,116
151,Strong draw capital,movie,134
152,Until room,movie,149
153,Interview give worker,movie,82
154,Build every,music,6
155,Local,movie,91
156,Six force,music,3
157,Perhaps style push,music,7
158,Price west begin,movie,81
159,Drop training,music,3
160,Individual nothing because subject,movie,82
161,Through debate himself culture,music,6
162,Soon song science,podcast,49
163,Mention beautiful go seat,movie,112
164,Look,music,7
165,Present never,music,5
166,Foot look computer,movie,83
167,Approach lawyer popular,movie,125
168,Job,movie,137
169,Various,movie,119
170,Nice PM,movie,84
171,Establish sort form,music,3
172,Them him,music,8
173,Test officer rise,music,6
174,Summer his front,music,5
175,Vote grow,movie,114
176,Head shake,music,5
177,Media street year,podcast,25
178,Race necessary,movie,125
179,Ago,podcast,20
180,Few body clear,podcast,42
181,However,movie,149
182,However matter,movie,95
183,Character people,music,6
184,Describe compare next,music,5
185,Week compare,movie,126
186,Enough very,movie,152
187,Middle law,movie,137
188,Have,podcast,51
189,Stay ability,movie,94
190,Record which,movie,143
191,Difficult old professional everything,movie,125
192,Voice wife total,music,7
193,Throw fund,movie,103
194,Particularly lay miss still,movie,93
195,Far,movie,136
196,Many again,music,6
197,Your defense however,music,6
198,Risk part almost,podcast,76
199,Way enjoy,music,4
200,Position bit,movie,108
201,Increase crime step,movie,156
202,Involve building chance,podcast,49
203,Same source hope,music,5
204,Agency baby,movie,143
205,Her science,movie,160
206,Address safe road skill,movie,132
207,Throughout center Republican,music,3
208,Business art,movie,120
209,Here grow,podcast,56
210,Well ever,music,5
211,Since another,podcast,28
212,Like action,podcast,80
213,Once wide,music,7
214,Firm on maybe,podcast,71
215,More,movie,150
216,Report board,music,6
217,Response few word,podcast,47
218,Spring write,movie,129
219,Gun so break,movie,131
220,Service,podcast,19
221,Action can just,music,3
222,Trial goal support,movie,160
223,Policy family member,movie,81
224,Pass,movie,101
225,Office throughout argue,movie,117
226,Consider,music,4
227,Market throw,movie,124
228,Never Democrat meet several,music,7
229,These race special,podcast,55
230,Water,movie,99
231,Magazine hour,movie,146
232,Rate several radio,podcast,80
233,Stuff another benefit,podcast,71
234,Note bar become,movie,132
235,Own resource,movie,154
236,Personal receive,music,3
237,Trial,music,5
238,Movement notice who fact,movie,111
239,Rather event attorney,music,7
240,Here according official,movie,120
241,Keep but,movie,118
242,Month learn,podcast,16
243,Per sometimes,music,7
244,Agree natural,movie,144
245,Approach position,movie,102
246,Million foot,music,3
247,Indeed easy,movie,119
248,Environment street player,music,8
249,Space name him believe,podcast,31
250,Everybody wish direction,movie,95
251,Trip I,movie,137
252,Us fear board,music,8
253,Good body feel,music,5
254,Their lawyer only,movie,112
255,Option,podcast,33
256,Last alone name,music,8
257,Country interesting miss,music,4
258,Sense wrong movement,movie,83
259,Generation factor on,podcast,26
260,Once against,movie,114
261,Friend star address,movie,113
262,Those able,movie,102
263,Parent article,music,7
264,Then know machine,movie,136
265,Age opportunity,podcast,79
266,Effect seven,movie,85
267,Push also,movie,101
268,Mind expert,movie,91
269,Fall issue,movie,128
270,Focus institution,podcast,53
271,Rather know,movie,149
272,Fund bed,movie,156
273,Participant environment forward role,podcast,32
274,Almost drive,music,7
275,Rather certain clear,movie,126
276,Subject unit mention,podcast,23
277,Whatever in,podcast,62
278,Black professional,movie,158
279,Soon energy scene,podcast,72
280,Including effect health,movie,126
281,Hospital,music,3
282,Individual care space,movie,141
283,Professional keep,movie,155
284,Herself per miss manager,movie,88
285,Employee for end raise,movie,94
286,Admit able wish,music,4
287,Wife discover music,music,4
288,There stay,podcast,77
289,Effort but economic,music,6
290,Three hair,music,5
291,Fire leader live,podcast,59
292,Be,movie,114
293,Quality side person,podcast,22
294,Impact these west expert,music,6
295,Value because,movie,99
296,Mother up,music,8
297,Thus there hospital,music,6
298,Price management really total,movie,156
299,Shake cell,movie,155
300,Support serve,movie,152
